ID,Title,Authors,Year,Study Link,Health Indicator,Sensor Position,Sensor Type,Physiological Signal,Advantage,Single-ear R-peak detection F1 score,Single-ear heart rate error,Cross-ear R-peak detection F1 score,Cross-ear heart rate error,Accuracy,Median Error,MAPE,MAE(Sitting),MAE(walking),MAD(motion),SBP MAE,DBP MAE,SBP AE,DBP AE,SBP SD,DBP SD,SBP MAD,DBP MAD,Synchronization Accuracy,ME,RMSE,RR MAPE,RR MAE,RR ME,IER Error,TV MAPE,Breathing Phase F1,Inspiratory time MAE
119,eBP: an ear-worn device for frequent and comfortable blood pressure monitoring,"Bui, Nam and Pham, Nhat and Barnitz, Jessica Jacqueline and Zou, Zhanan and Nguyen, Phuc and Truong, Hoang and Kim, Taeho and Farrow, Nicholas and Nguyen, Anh and Xiao, Jianliang and Deterding, Robin and Dinh, Thang and Vu, Tam",2021,https://doi.org/10.1145/3470446,Blood Pressure,Ear Canal,Photo,Photoplethysmography (PPG),"Non-invasive, Long Time Wearability",,,,,,,,,,,,,1.61mmHg,-3.1mmHg,7.2mmHg,7.9mmHg,,,,,,,,,,,,
124,Earbud-Embedded Micro-Power mm-Sized Optical Sensor for Accurate Heart Beat Monitoring,A. Boukhayma; A. Barison; S. Haddad; A. Caizzone,2021,https://ieeexplore.ieee.org/document/9492124,Heart Rate,Ear Canal,Photo,Photoplethysmography (PPG),"Long Time Wearability, High Accuracy, Energy-efficient",,,,,98.47%,,,,,,,,,,,,,,,,,,,,,,,
125,28.2 A 400-to-1000nm 24μ W Monolithic PPG Sensor with 0.3A/W Spectral Responsivity for Miniature Wearables,S. -j. Jung; J. Ryu; W. Kim; S. Lee; J. Kim; H. Park; T. Jang; H. Jeong; J. Kim; J. Park; R. Kim; J. Park; H. Jo; W. J. Kim; J. Yang; B. Sohn; Y. Han; I. Lim; S. Yoo; C. Park; D. -g. Jang; B. -H. Ko; J. Lim; J. Kim; K. Lee; J. Lee; Y. Park; L. Yan,2021,https://ieeexplore.ieee.org/document/9366035,"Heart Rate, Blood Pressure, Blood Oxygen Saturation",Ear Canal,Photo,Photoplethysmography (PPG),"Energy-efficient, High Accuracy",,,,,,,,,,1.9 bpm,,,,,,,3.50mmHg,4.09mmHg,,,,,,,,,,
129Breathing Sound-based Exercise Intensity Monitoring via Smartphones,Y. Ren; Z. Zheng; H. Liu; Y. Chen; H. Li; C. Wang,2021,https://ieeexplore.ieee.org/document/9522176,Breathing Sound,Ear Canal,Acoustic,Breathing Sound,Long Time Wearability,,,,,,,,,,,,,,,,,,,,,,,,,,,,
130,Non-Invasive Blood Pressure Monitoring with Multi-Modal In-Ear Sensing,"Truong, Hoang and Montanari, Alessandro and Kawsar, Fahim",2022,https://ieeexplore.ieee.org/document/9747661,Blood Pressure,Ear Canal,"Photo, Acoustic","Photoplethysmography (PPG), Heart sound","Non-invasive, Continuous",,,,,,,,,,,4.07mmHg,5.61mmHg,,,,,,,,,,,,,,,,
134,Smart Biofeedback Earbud Achieved by SiP with 3D Composite Polymer Package,"Tseng, Kueihao and Lin, ChihLung and Wang, Kaihung and Chang, Harrison",2022,https://ieeexplore.ieee.org/document/9816547,Heart Rate,Ear Canal,"Electrical, Thermal","Beats Per Minute (BPM),Electrocardiogram (ECG), Body Temperature",Long Time Wearability,,,,,,,,,,,,,,,,,,,,,,,,,,,,
135,VitalPod: A Low Power In-Ear Vital Parameter Monitoring System,"Schilk, Philipp and Dheman, Kanika and Magno, Michele",2022,https://ieeexplore.ieee.org/document/9941646,"Heart Rate, Blood Oxygen Saturation, Respiration Rate",Ear Canal,"Photo, Mechanical, Thermal, Acoustic","Photoplethysmography (PPG),Beats Per Minute (BPM), Body Temperature, Breath per minute (BRPM)",Energy-efficient,,,,,,−0.061 ± 1.12 bpm,,,,,,,,,,,,,,,,,,,,,,
136,Detecting Physiological Responses Using Multimodal Earbud Sensors,"Rahman, Md Mahbubur and Xu, Xuhai and Nathan, Viswam and Ahmed, Tousif and Ahmed, Mohsin Yusuf and McCaffrey, Dan and Kuang, Jilong and Cowell, Trevor and Moore, Julia and Mendes, Wendy Berry and Gao, Jun Alex",2022,https://ieeexplore.ieee.org/document/9871569,Heart Rate,Ear Canal,"Photo, Mechanical, Thermal","Photoplethysmography (PPG), Body Temperature, IMU Signals",Long Time Wearability,,,,,,,,,,,,,,,,,,,,,,,,,,,,
137,BreatheBuddy: Tracking Real-time Breathing Exercises for Automated Biofeedback Using Commodity Earbuds,"Rahman, Md Mahbubur and Ahmed, Tousif and Ahmed, Mohsin Yusuf and Dinh, Minh and Nemati, Ebrahim and Kuang, Jilong and Gao, Jun Alex",2022,https://doi.org/10.1145/3546748,"Respiration Rate, Breathing phase, Respiration Marker",Ear Canal,Mechanical,"Inhale / Exhale phase, Breathing rate, Depth of breathing, Inhalation/Exhalation ratio",,,,,,,,,,,,,,,,,,,,,,,,,,,,,
139,Stereo-BP: Non-Invasive Blood Pressure Sensing with Earables,"Balaji, Ananta Narayanan and Ferlini, Andrea and Kawsar, Fahim and Montanari, Alessandro",2023,https://doi.org/10.1145/3572864.3580341,Blood Pressure,On the ear helix,Photo,Pulse Time Difference (PTD),"High Accuracy, Non-invasive",,,,,,,,,,,3.97mmHg,3.83mmHg,,,,,,,,,,,,,,,,
143,APG: Audioplethysmography for Cardiac Monitoring in Hearables,"Fan, Xiaoran and Pearl, David and Howard, Richard and Shangguan, Longfei and Thormundsson, Trausti",2023,https://doi.org/10.1145/3570361.3613281,Heart Rate,"Around the ear, Ear Canal",Acoustic,Ultrasound echoes,"High Robustness, High Accuracy",,,,,,,,,,,,,,,,,,,,,,,,,,,,
144,Earmonitor: In-ear Motion-resilient Acoustic Sensing Using Commodity Earphones,"Sun, Xue and Xiong, Jie and Feng, Chao and Deng, Wenwen and Wei, Xudong and Fang, Dingyi and Chen, Xiaojiang",2023,https://doi.org/10.1145/3569472,Heart Rate,Ear Canal,Acoustic,In-ear acoustic reflection signals,High Accuracy,,,,,,,,1.71bpm,6.31bpm,,,,,,,,,,,,,,,,,,,
145,The Modern Hearing Aid: A Platform for Health and Wellness Tracking,"Schroeder, Mark J. and Olson, Kyle D. and O’Brien, Parker and Lin, Andy S.",2023,https://ieeexplore.ieee.org/document/10331528/,"Heart Rate, Blood Oxygen Saturation, Respiration Rate",Ear Canal,"Photo, Mechanical, Thermal","Photoplethysmography (PPG), Body Temperature","Long Time Wearability, Energy-efficient",,,,,,,1.75% bpm,,,,,,,,,,,,,,,,,,,,,
147,RRDetection: Respiration Rate Estimation Using Earbuds During Physical Activities,"Jin, Yincheng and Rahman, Md Mahbubur and Ahmed, Tousif and Kuang, Jilong and Gao, Alex Jun",2023,https://ieeexplore.ieee.org/document/10340157/,Respiration Rate,Ear Canal,Mechanical,IMU Signals,"Long Time Wearability, Energy-efficient",,,,,,,,,,,,,,,,,,,,,,,,,,,,
148,Remote Breathing Rate Tracking in Stationary Position Using the Motion and Acoustic Sensors of Earables,"Ahmed, Tousif and Rahman, Md Mahbubur and Nemati, Ebrahim and Ahmed, Mohsin Yusuf and Kuang, Jilong and Gao, Alex Jun",2023,https://doi.org/10.1145/3544548.3581265,Respiration Rate,Ear Canal,"Mechanical, Acoustic",Beats Per Minute (BPM),"High Accuracy, Remote",,,,,,,,,,,,,,,,,,,,,2.68%,,,,,,,
152,HearBP: Hear Your Blood Pressure via In-ear Acoustic Sensing Based on Heart Sounds,"Zhao, Zhiyuan and Li, Fan and Xie, Yadong and Xie, Huanran and Zhang, Kerui and Zhang, Li and Wang, Yu",2024,https://ieeexplore.ieee.org/document/10621249/,Blood Pressure,Ear Canal,Acoustic,Heart sound,"Non-invasive, Continuous",,,,,,,,,,,1.61 mmHg ,0.97 mmHg,,,3.56mmHg,3.13 mmHg,,,,0.21 ± 0.82%,,,,0.87 ± 1.48 brpm,,,,
153,Optimal Head-mounted IMU Placement for Heart Rate Detection Using Ballistography,"Roshan, Saboora M. and Park, Edward J.",2024,https://ieeexplore.ieee.org/document/10782353,Heart Rate,Head-mounted,Mechanical,IMU Signals,"Non-invasive, High Accuracy",,,,,,,,,,,,,,,,,,,,,,,,,,,,
157,"OptiBreathe: An Earable-based PPG System for Continuous Respiration Rate, Breathing Phase, and Tidal Volume Monitoring","Romero, Julia and Ferlini, Andrea and Spathis, Dimitris and Dang, Ting and Farrahi, Katayoun and Kawsar, Fahim and Montanari, Alessandro",2024,https://doi.org/10.1145/3638550.3641136,"Respiration Rate, Breathing phase, Tidal Volume",Ear Canal,Photo,"Respiratory Phase Metrics, Tidal Volume (TV)",High Accuracy,,,,,,,,,,,,,,,,,,,,,,,1.96brpm,,0.14,17%,,0.48 s
161,Precise Opening Detection of Heart Aortic Valve Towards Noninvasive Continuous Blood Pressure Detection,L. Zhu; M. Bin Morshed; J. -O. Hahn; M. M. Rahman; S. Desai,2025,https://ieeexplore.ieee.org/document/11254380/,Blood Pressure,"Ear Canal, Ear Concha","Mechanical, Photo",Photoplethysmography (PPG),"Non-invasive, Long Time Wearability, High Accuracy",,,,,,,,,,,1.8 mmHg,1.8 mmHg,3.1 mmHg,3.1 mmHg,,,,,<1.1ms,,,,3.87brpm,,,,,
164,Towards Cardiac Output Estimation Using Earbud Photoplethysmography Sensor,L. Zhang; M. M. Rahman; M. Bin Morshed; L. Zhu; H. Zhou; J. O’Bryan; W. B. Mendes; J. Kuang,2025,https://ieeexplore.ieee.org/document/11254388,Heart Rate,Ear Canal,Photo,Photoplethysmography (PPG),"Non-invasive, Long Time Wearability",,,,,,1.53 L/min,18.82%,,,,,,,,,,,,,,,,,,,,,
165,Pulse Wave Measurement With In-Ear Headphones While Music Playback,R. Kusche; D. Dichte; J. C. H. Gomez; T. Thölen,2025,https://ieeexplore.ieee.org/document/10778416,"Heart Rate, Blood Pressure",Ear Canal,"Mechanical, Electrical",Pulse Wave,Long Time Wearability,,,,,,,,,,,,,,,,,,,,,,4.95%,0.31brpm,,,,90.91%,
166,"Real-Time, Single-Ear, Wearable ECG Reconstruction, R-Peak Detection, and HR/HRV Monitoring",C. Santos; S. Frey; A. Cossettini; L. Benini; V. Kartsch,2025,https://ieeexplore.ieee.org/document/11253998,Heart Rate,Ear Canal,Electrical,Electrocardiogram (ECG),"Non-invasive, Energy-efficient",0.82,5.91bpm,0.95,0.49bpm,,,,,,,,,,,,,,,,,,,,,,,,
168,MindfulBuddy: Extracting Comprehensive Breathing Biomarkers for Breathing Exercise Biofeedback Using Earbud Motion Sensors,M. M. Rahman; M. B. Morshed; N. Rashid; S. Chandrashekhara; J. Kuang,2025,https://ieeexplore.ieee.org/document/10907903/,Respiration Marker,Ear Canal,Mechanical,Breathing motion,"Energy-efficient, Non-invasive, High Accuracy",,,,,,,,,,,,,,,,,,,,,,,<2brpm,,,,,