ID,Title,Main Author,Authors,Year,Study Link,Abstract,Health Category,Health Indicator,Sensor Position,Sensor Type,Physiological Signal,Advantage
119,eBP: an ear-worn device for frequent and comfortable blood pressure monitoring,"Bui, Nam et al.","Bui, Nam and Pham, Nhat and Barnitz, Jessica Jacqueline and Zou, Zhanan and Nguyen, Phuc and Truong, Hoang and Kim, Taeho and Farrow, Nicholas and Nguyen, Anh and Xiao, Jianliang and Deterding, Robin and Dinh, Thang and Vu, Tam",2021,https://doi.org/10.1145/3470446,"Frequent blood pressure monitoring is the key to diagnosis and treatments of many severe diseases. However, the conventional ambulatory methods require patients to carry a blood pressure (BP) monitoring device for 24 h and conduct the measurement every 10--15 min. Despite their extensive usage, wearing the wrist/arm-based BP monitoring device for a long time has a significant impact on users' daily activities. To address the problem, we developed eBP to measure blood pressure (BP) from inside user's ear aiming to minimize the measurement's impact on users' normal activities although maximizing its comfort level. The key novelty of eBP includes (1) a light-based inflatable pulse sensor which goes inside the ear, (2) a digital air pump with a fine controller, and (3) BP estimation algorithms that eliminate the need of blocking the blood flow inside the ear. Through the comparative study of 35 subjects, eBP can achieve the average error of 1.8 mmHg for systolic (high-pressure value) and -3.1 mmHg for diastolic (low-pressure value) with the standard deviation error of 7.2 mmHg and 7.9 mmHg, respectively. These results satisfy the FDA's AAMI standard, which requires a mean error of less than 5 mmHg and a standard deviation of less than 8 mmHg.",Cardio-Respiratory System,Blood Pressure,Ear Canal,Photo,Photoplethysmography (PPG),"Non-invasive, Long Time Wearability"
120,Detecting Episodes of Increased Cough Using Kinetic Earables,"R\""{o}ddiger, Tobias et al.","R\""{o}ddiger, Tobias and Beigl, Michael and Hefenbrock, Michael and Wolffram, Daniel and Pescara, Erik",2021,https://doi.org/10.1145/3458709.3458943,"This paper introduces the detection of episodes of increased cough (e.g. during illness) based on cough event classification using kinetic earables. In a twelve subject study, we collected voluntary weak and strong cough as well as five non-cough activities (e.g., talking) under various conditions (e.g., walking). During the activities, an in-ear worn sensor records acceleration and gyroscope data. In total, we collected 4,200 activity samples. A single step classification pipeline (0.77 overall accuracy) serves as the foundation for statistical analysis to achieve episodes of increased cough discrimination. As a digression, we reverse data and perform pose classification which could enable faster cough episode prediction. All-in-all, earables might help to objectify illness to encourage formal diagnosis.",Health Tracking,Cough,Ear Canal,Mechanical,IMU Signals,"Non-nvasive, Long Time Wearability, High Accuracy"
121,CoughBuddy: Multi-Modal Cough Event Detection Using Earbuds Platform,E. Nemati et al.,E. Nemati; S. Zhang; T. Ahmed; M. M. Rahman; J. Kuang; A. Gao,2021,https://ieeexplore.ieee.org/document/9507017/,"There has been an extensive amount of study on cough detection using acoustic features captured from smartphones and smartwatches in the past decade. However, the specificity of the algorithms has always been a concern when exposed to the unseen field data containing cough-like sounds. In this paper, we propose a novel sensor fusion algorithm that employs a hybrid of classification and template matching algorithms to tackle the problem of unseen classes. The algorithm utilizes in-ear audio signal as well as head motion captured by the inertial measurement unit (IMU). A clinical study including 45 subjects from healthy and chronic cough cohorts was conducted that contained various tasks including cough and cough-like body sounds in various conditions such as quiet/noisy and stationary/non-stationary. Our hybrid model was evaluated for sensitivity and specificity in these conditions using leave one-subject out validation (LOSOV) and achieved an average sensitivity of 83% for stationary tasks and an specificity of 91.7% for cough-like sounds reducing the false positive rate by 55%. These results indicate the feasibility and superiority of fusion in earbuds platforms for detection of cough events.",Health Tracking,Cough,Ear Canal,"Acoustic, Mechanical",IMU Signals,High Accuracy
122,A Novel Multi-Centroid Template Matching Algorithm and Its Application to Cough Detection,S. Zhang et al.,S. Zhang; E. Nemati; T. Ahmed; M. M. Rahman; J. Kuang; A. Gao,2021,https://ieeexplore.ieee.org/document/9629993,"Cough is a major symptom of respiratory-related diseases. There exists a tremendous amount of work in detecting coughs from audio but there has been no effort to identify coughs from solely inertial measurement unit (IMU). Coughing causes motion across the whole body and especially on the neck and head. Therefore, head motion data during coughing captured by a head-worn IMU sensor could be leveraged to detect coughs using a template matching algorithm. In time series template matching problems, K-Nearest Neighbors (KNN) combined with elastic distance measurement (esp. Dynamic Time Warping (DTW)) achieves outstanding performance. However, it is often regarded as prohibitively time-consuming. Nearest Centroid Classifier is thereafter proposed. But the accuracy is comprised of only one centroid obtained for each class. Centroid-based Classifier performs clustering and averaging for each cluster, but requires manually setting the number of clusters. We propose a novel self-tuning multi-centroid template-matching algorithm, which can automatically adjust the number of clusters to balance accuracy and inference time. Through experiments conducted on synthetic datasets and a real-world earbud-based cough dataset, we demonstrate the superiority of our proposed algorithm and present the result of cough detection with a single accelerometer sensor on the earbuds platform.Clinical relevance— Coughing is a ubiquitous symptom of pulmonary disease, especially for patients with COPD and asthma. This work explores the possibility and and presents the result of cough detection using an IMU sensor embedded in earables.",Health Tracking,Cough,Ear Canal,Mechanical,IMU Signals,IMU Signals
123,A Scalable and Domain Adaptive Respiratory Symptoms Detection Framework using Earables,N. Nguyen et al.,N. Nguyen; A. Chakma; N. Roy,2021,https://ieeexplore.ieee.org/abstract/document/9671796?casa_token=XClb-eiRknUAAAAA:xdRVPNYsR2Da0VoQcR3yXn3L1xvmUU6-rCYI-xw0SUDFb9PXVSK-BiuQYB6GCp_ctXXdPfHF9w,"The COVID-19 pandemic has brought a devastating impact on human health across the globe, and people are still observing face-masking as a preventive measure to contain the spread of COVID-19. Coughing is one of the major transmission mediums of COVID-19, and early cough detection could play a significant r ole i n p reventing t he s pread o f t his life-threatening virus. Many approaches have been proposed for developing systems to detect coughing and other respiratory symptoms in literature, but earable devices are not well-studied and investigated for respiratory symptom detection. In this work, we posited an acoustic research prototype (earable device) - eSense that has acoustic and IMU sensors embedded into user-convenient earbuds to address the following issues: (i) feasibility of the earables in detecting respiratory symptoms, and (ii) scalability of trained machine learning models in the presence of unseen data samples. We performed experimentation with both shallow and deep learning models on the eSense collected data samples. We observed that the deep learning model outperforms the shallow learning models achieving 97% accuracy. Furthermore, we investigated the scalability of the deep learning model on unseen datasets and noticed that the performance of the deep learning model deteriorates when trained on a particular dataset and tested on an unseen dataset. To mitigate such challenges, we postulated an adversarial domain adaptation technique that helps improve the performance of our respiratory symptoms detection framework by a substantial margin.",Health Tracking,Cough,Ear Canal,"Mechanical, Acoustic","IMU Signals, Audio / Acoustic signal","High Accuracy, Long Time Wearability"
124,Earbud-Embedded Micro-Power mm-Sized Optical Sensor for Accurate Heart Beat Monitoring,A. Boukhayma et al.,A. Boukhayma; A. Barison; S. Haddad; A. Caizzone,2021,https://ieeexplore.ieee.org/document/9492124,"This work demonstrates that accurate hear beat monitoring, via photoplethysmography (PPG), can be performed at micro-power consumption level with an ear worn device. This is achieved thanks to the combination of a highly sensitive low power PPG chip, an optimal optical module, and an ergonomic design of the wearable device. The monolithic optical sensor is fabricated in a 180nm CMOS image sensor (CIS) process and features an area of 1.5mm by 1.5mm only. It implements an array of pixels, newly designed for PPG, and reaching a quantum efficiency of 85% up to 800nm. The presented sensor consumes 60 μA at 122Hz sampling frequency, including digital communication. The optical design optimization enables high signal-to-noise ratio (SNR) PPG signals with less than 10 μA average LED current. Heart beat monitoring, using the presented wearable device, is performed on 7 subjects and compared with a medical electrocardiogram (ECG). The earbud device correctly detects 98.47% of the beats on a total of 72.21 hours of recordings. The inter-beat interval (IBI) estimation from these recordings features a mean absolute error (MAE) as low as 7.52ms.","Cardio-Respiratory System, Cardiovascular System",Inter-Beat Interval,Ear Canal,Photo,Photoplethysmography (PPG),"High Accuracy, Long Time Wearability, Energy-efficient"
125,28.2 A 400-to-1000nm 24μ W Monolithic PPG Sensor with 0.3A/W Spectral Responsivity for Miniature Wearables,S. -j. Jung et al.,S. -j. Jung; J. Ryu; W. Kim; S. Lee; J. Kim; H. Park; T. Jang; H. Jeong; J. Kim; J. Park; R. Kim; J. Park; H. Jo; W. J. Kim; J. Yang; B. Sohn; Y. Han; I. Lim; S. Yoo; C. Park; D. -g. Jang; B. -H. Ko; J. Lim; J. Kim; K. Lee; J. Lee; Y. Park; L. Yan,2021,https://ieeexplore.ieee.org/document/9366035,"Incorporating different wavelength (400 to 1000nm) LEDs, photoplethysmography (PPG) sensors allow wearable devices to monitor various health parameters such as heart rate (HR), oxygen saturation (SpO2), and blood pressure (BP). Nowadays, PPG sensing technology at the wrist is well established. To cope with the large degree of motion turbulence presented at the wrist, PPG sensors use Green (Gr) LEDs together with multiple photodiodes (PD), and they are driven by wide-dynamic-range (DR) current-sensing front-ends [1]. It is attractive to use a near-infra-red (nIR) PPG sensor in a True Wireless Stereo (TWS), as the ear provides the best site to measure heart rhythm (more blood flow, constant distance from the heart, and less motion than at the finger or wrist). However, TWS requires a PPG sensor that is more stringent on size and power consumption (shown in Fig. 28.2.1). A promising solution [2, 3] is integrating an array of PDs with an ADC to dramatically reduce power while also providing monolithic integration. However, the limited DR (<80 dB) and the poor spectral responsivity remain challenging. This work advances [1] by demonstrating a CMOS monolithic PPG sensor, and improves spectral responsivity more than 4×(0.3A/W across 400 to 1000nm) compared to [2]. The sensor is fabricated by back-side illumination (BSI) CMOS technology providing 90dB DR (18dB improvement from [3]) while consuming only 24μW power and 5.5mm 2 silicon area.",Cardio-Respiratory System,"Heart Rate, Blood Pressure, Blood Oxygen Saturation",Ear Canal,Photo,Photoplethysmography (PPG),"Energy-efficient, High Accuracy"
126,Design and Validation of a Pilot Stress Monitoring System based on a Deep Convolutional Neural Network Model,J. Meneses et al.,J. Meneses; O. Miranda; I. Sanchez; C. Álvarez; P. Rodriguez,2021,https://ieeexplore.ieee.org/document/9594363,"This article presents the Design and Validation of a Stress Model based on a Deep Convolutional Neural Network (DCNN) included in the Pilot Monitoring System (PMS) developed by Airbus Defence Space.Starting by introducing the whole system, PMS obtains pilot’s vital data in real time with two wearable devices (smartwatch and ear sensor). It is able to determine stress, fatigue, workload, health status and pilot capacity with new models based on DCNN encoded in Python which are able to interpret these vital data.Additionally, PMS is able to launch alerts when the vital parameters of the crew reach pre-established limits, giving the chance to detect an abnormal situation (e.g. excessive workload scenario with high stress level). In this way, it will improve situational awareness by making crew aware of their own conditionGoing deeper into the details of the Stress Model, its main objective is to determine Pilot stress in real time.For achieving this target, several design stages were taken into consideration while building the Stress Model DCNN: raw data acquisition, data cleaning, feature engineering, algorithm selection, model training, model evaluation, model testing, and result analysis. Further details of these stages are explained below.Regarding data acquisition, Stress Model obtains pilot’s vital data from a smartwatch (one of the wearable devices of PMS), which communicates via Bluetooth Low Energy (BLE) to a laptop. Selected device was Analog Devices Inc. Gen II watch, which sends the following signals: Heart Rate (HR), Electro-Dermal Activity (EDA), Skin temperature and 3D Acceleration.At Cleaning stage, Inter-Quartile Range (IQR) was used to normalize our raw data, being less sensitive to outliers and therefore more robust.At Feature engineering stage, several signal combinations were explored. The selected signal set which gave the best Stress Model accuracy was comprised of two EDA parameters (Real Admittance [Siemens], Impedance Magnitude [Ohm]) and wrist Skin Temperature [deg C].At Algorithm selection stage, three convolutional layers (128, 256 and 128 filters respectively) were chosen to extract a feature map from the inputs. After them, a Global Average Pooling (GAP) was chosen to compress the convolutions output. Downstream GAP, a decision layer based on softmax activation function (stress vs non-stress) was chosen.At Training stage, it was necessary to implement a Stress Test recording campaign. Participants were asked to fulfill several individual demanding tasks (memory, multi-task, stroop, vigilance) which included relaxing periods among them. The Stress Model was fed with the vital data obtained in this campaign.In between the tasks, NASA-TLX questionnaires were filled by test subjects, to obtain their subjective rating of Mental demand, Physical demand, Temporal demand, Performance, Effort and Frustration. Therefore, the Stress Model considered both vital data and self-report questionnaires as inputs.At result analysis stage, the Stress Model accuracy was refined, understanding accuracy as the ratio between correct predicted stress scenarios versus total cases, and considering ground truth self-report questionnaires.Finally, Stress Model DCNN was validated considering three data sources, whose details are included below:A.Vital data from fifteen (N=15) subjects of Wearable Stress and Affect Detection (WESAD) Database available online.Stress Model gave an average test accuracy of 99%,B.Vital data from four (N=4) Airbus Defence and Space (ADS) pilots while calibrating their NASA-TLX scale.Stress Model in this validation gave an average test accuracy of 90%.C.Vital data from six (N=6) ADS pilots while performing simulator evaluations using an Enhanced Light Weight Visor (ELWEV).Stress Model in this validation gave an average test accuracy of 87%.",Mental State,Stress,Around the ear,,"Electro-Dermal Activity (EDA), Skin Temperature","High Accuracy, Non-invasive"
127,Development of a wearable system with In-Ear EEG electrodes for the monitoring of brain activities: An application to epilepsy,J. Juez et al.,J. Juez; D. Henao; F. Segura; R. Gómez; M. Le Van Quyen; M. Valderrama,2021,https://ieeexplore.ieee.org/document/9626123,"Epilepsy is a chronic noncommunicable disease of the brain characterized by recurrent seizures, which are brief episodes of excessive and synchronized electrical discharges of neuronal activities. The main technique used for the diagnosis of seizures is the electroencephalography (EEG), a noninvasive method which records the electrical activity of the brain. The conventional EEG monitoring to diagnose epilepsy has some problems: First, the short monitoring time generates misdiagnosis. Second, the long wires needed for the connection of electrodes are uncomfortable for the patients. Third, the patients are not monitored in a natural environment where different conditions can trigger seizures and last, a conventional EEG monitoring is too expensive. A solution is the development of a wearable monitoring EEG where the recording system is a device of small dimensions with continuous and long-term recording capabilities. In this work, we developed an In-Ear wearable system to allow a long-term recording of EEG signals in a nonclinical environment. For this, we designed In-ear electrodes with soft foam earplugs and a knit conductive fabric of silver. We performed different tests to validate the signal quality of the acquisition system including one ambulatory recording in an epileptic patient.",Health Tracking,Epileptic Seizure,Ear Canal,Electrical,Electroencephalography (EEG),"High Accuracy, Long time wearability, Energy-efficient"
128,Low-Cost Real-time Driver Drowsiness Detection based on Convergence of IR Images and EEG Signals,K. -J. Kim et al.,K. -J. Kim; K. -T. Lim; J. w. Baek; M. Shin,2021,https://ieeexplore.ieee.org/document/9415193/,"This paper focused on low-cost real-time driver's drowsiness detection by fusing facial image information obtained through the IR camera (Infrared Camera) and EEG (Electroencephalogram) signal acquired through the EEG sensor. The proposed method was tested on the target board (i.MX6Quad). The i.MX6Quad is the SoCs (System-on-Chip) that integrate many processing units into one die, like the main CPU, a video processing unit and a graphics processing unit for instance. Instead of the RGB camera, the IR camera is applied to driver condition monitoring and drowsiness detection technology by extracting the driver's facial feature information robustly against daytime, night-time, and frequent change of brightness around the face. The headphone type EEG sensor is also used to minimize the user's discomfort. On the target board, the processing time per image frame is about 60ms, so that it can process about 17 frames per second. This processing time can be suitable for the driver's drowsiness detection systems.","Cardio-Respiratory System, Nervous System",Drowsiness,"Earlobe, Around the ear","Electrical, Photo",Electroencephalography (EEG),"Low Cost, Long Time Wearability"
129,Breathing Sound-based Exercise Intensity Monitoring via Smartphones,Y. Ren et al.,Y. Ren; Z. Zheng; H. Liu; Y. Chen; H. Li; C. Wang,2021,https://ieeexplore.ieee.org/document/9522176,"Exercise intensity monitoring of physical activities has drawn increasingly attention as the awareness of the exercise intensity is of great importance for a person to achieve optimal training outcomes. For example, over-training could lead to excessive fatigue and loss of motivation for exercise. Traditional exercise intensity monitoring systems utilize GPS data to track the user’s intensity of cardio activities through his/her position and speed. Such systems however become invalid for indoor exercises on stationary fitness equipments such as the treadmill or exercise bike. Recent work in using body-worn sensors to track the user’s heart rate for exercise intensity monitoring usually involves additional wearable sensors which are only available on some particular fitness equipments, and thus are hard to be used in all occasions. This work presents an exercise intensity monitoring system which is capable of detecting a person’s exercise intensity via smartphones. Our system exploits the off-the-shelf smartphone and its headphone to capture the user’s breathing sound. Given the captured acoustic data, our system performs data pre-processing to remove the environmental noise and identify the non-silent acoustic frames based on the signal energy. Our system then conducts breathing event detection for non-silent frames, and further calibrates the detection results by utilizing the high correlation between breathing cycles to improve the detection accuracy. Moreover, our system can estimate the person’s exercise intensity based on features extracted from the frames which contain breathing sound. Our experiments involving 9 subjects over four-month time period demonstrate that our proposed exercise intensity monitoring system is robust and accurate in both indoor and outdoor environments.",Cardio-Respiratory System,Breathing Sound,Ear Canal,Acoustic,Breathing Sound,Long Time Wearability
130,Non-Invasive Blood Pressure Monitoring with Multi-Modal In-Ear Sensing,"Truong, Hoang et al.","Truong, Hoang and Montanari, Alessandro and Kawsar, Fahim",2022,https://ieeexplore.ieee.org/document/9747661,"Continuous blood pressure monitoring is the key to mitigate significant risks for stroke, heart failure and coronary artery disease. Current gold-standard blood pressure devices cause discomfort and interfere with users’ activities. This paper explores an earable system, which continuously monitors users’ blood pressure from the ear. We propose a measurement technique based on the vascular transit time which utilises the time difference between the S1 heart sound and the PPG upstroke in one pulse cycle. We develop a multi-modal sensing hardware and processing pipeline and we evaluate it with 10 participants showing average errors in line with the range recommended by the Association for the Advancement of Medical Instrumentation: 4.07 mmHg for systolic and 5.61 mmHg for diastolic blood pressure.",Cardio-Respiratory System,Blood Pressure,Ear Canal,"Photo, Acoustic","Photoplethysmography (PPG), Heart sound","Non-invasive, Continuous"
131,Wireless Battery-Free Body Temperature Sensing Device for Key Workers,"Rigi, Amin et al.","Rigi, Amin and Mugisha, Andrew J. and Arefian, Ahmed and Khan, Sadeque Reza and Mitra, Srinjoy",2022,https://ieeexplore.ieee.org/document/9628053,"We propose a battery-free temperature monitoring device that can be fitted inside the ear for an accurate body temperature measurement of a subject. The proposed application consists of two primary systems: 1) a battery-free temperature sensing ultra-high-frequency radio frequency identification sensory tag and 2) an auxiliary energy harvesting system, which enhances the sensing device's measurement accuracy and precision. The system can record changes in the localized body temperature of authenticated users with an average latency of 501 ms. The assembly demonstrated a temperature average accuracy of ± 0.14 °C operating at 866 MHz. The system performance demonstrated high stability and repeatability of reported temperature measurements. The device's dimension is a form factor that can easily fit in a front shirt pocket, with a wire tethered earbud temperature sensor. The system is developed to make sensor measurements without requiring a battery for the device. Measurements are made remotely as users pass by checkpoints installed throughout a building. The device is a cost-effective solution for monitoring body temperature in work environments.",Thermal Regulation,Body Temperature,Ear Canal,Thermal,Body Temperature,"Non-invasive, Long Time Wearability, Continuous, Remote"
132,Self-applied ear-EEG for sleep monitoring at home,"Mikkelsen, Kaare B. et al.","Mikkelsen, Kaare B. and Tabar, Yousef R. and Toft, Hans O. and Hemmsen, Martin C. and Rank, Mike L. and Kidmose, Preben",2022,https://ieeexplore.ieee.org/document/9871076/,"High quality sleep monitoring is done using EEG electrodes placed on the skin. This has traditionally required assistance by an expert when the equipment needed to mounted. However, this creates a limitation in how cheap and easy it can be to record sleep in the subject's own home. Here we present a data set of 120 home recordings of sleep, in which subjects use self-applied ear-EEG monitoring equipment. We compare this data set to a previously recorded data set with both ear-EEG and polysomnography, which was applied by an expert. Clinical relevance — On all tested metrics, self applied sleep recordings behaved the same as expert applied. This indicates that ear-EEG can reliably be used as a home sleep monitor, even when subjects apply the equipment themselves.",Nervous System,"Brain Activity, Sleep","Around the ear, Ear Canal",Electrical,Electroencephalography (EEG),"Long Time Wearability, High Accuracy"
133,A Template Matching Based Cough Detection Algorithm Using IMU Data From Earbuds,"Lamichhane, Bishal et al.","Lamichhane, Bishal and Nemati, Ebrahim and Ahmed, Tousif and Rahman, Mahbubur and Kuang, Jilong and Gao, Alex",2022,https://ieeexplore.ieee.org/document/9926839,"Coughing is a common symptom across different clinical conditions and has gained further relevance in the past years due to the COVID-19 pandemic. An automated cough detection for continuous health monitoring could be developed using Earbud, a wearable sensor platform with audio and inertial measurement unit (IMU) sensors. Though several previous works have investigated audio-based automated cough detection, audio-based methods can be highly power-consuming for wearable sensor applications and raise privacy concerns. In this work, we develop IMU-based cough detection using a template matching-based algorithm. IMU provides a low-power privacy-preserving solution to complement audio-based algorithms. Similarly, template matching has low computational and memory needs, suitable for on-device implementations. The proposed method uses feature transformation of IMU signal and unsupervised representative template selection to improve upon our previous work. We obtained an AUC (AUC-ROC) of 0.85 and 0.83 for cough detection in a lab-based dataset with 45 participants and a controlled free-living dataset with 15 participants, respectively. These represent an AUC improvement of 0.08 and 0.10 compared to the previous work. Additionally, we conducted an uncontrolled free-living study with 7 participants where continuous measurements over a week were obtained from each participant. Our cough detection method achieved an AUC of 0.85 in the study, indicating that the proposed IMU-based cough detection translates well to the varied challenging scenarios present in free-living conditions.",Health Tracking,Cough,Ear Canal,Mechanical,IMU Signals,"High Accuracy, Energy-efficient"
134,Smart Biofeedback Earbud Achieved by SiP with 3D Composite Polymer Package,"Tseng, Kueihao et al.","Tseng, Kueihao and Lin, ChihLung and Wang, Kaihung and Chang, Harrison",2022,https://ieeexplore.ieee.org/document/9816547,"The world’s first smart in-ear bud packaged in polymer is presented in this paper. This in-ear bud is capable of detecting ECG (electrocardiography) signal, heart rate, as well as body temperature, from human ear canal. The bud is designed to be connected to a typical wireless ear-set, which transmits signal through Bluetooth. It is assembled with advanced packaging technologies, including SiP (system in package) module for system board miniaturization, flexible substrate for conforming to the 3D structure, and molding with composite polymer material by multiple injections for bio contact. The composite material is liquid in raw material form, yet elastic and solid after vulcanization. This material is heterogeneous integrated, such that it encapsulates the functional active and passive parts, allows the bio signals to be detected. The earbud conforms to the exterior ear canal, and is friendly to sensitive human skin.In this paper, this smart earbud is connected to a wearable Bluetooth docking box, and live demo is performed to transmit the detected biofeedback signal to an App on an android phone or PC. The user plugs this smart earbud into the left (heart side) ear canal and touching the metal electrode of BT docking by the left hand finger. Biofeedback signal of stable and repeatable PQRST wave, heart rate, and body temperature are detected and sent, and results are shown successfully. The test data of user trial is compared with another set of data from a leading consumer watch, tested by the same users. Very similar characteristics of the waveforms from the smart earbud, and those from the benchmark devise, are observed. It is expected that this innovative smart earbud can be integrated into similar consumer wearable electronics, which can provide real time, accurate, and convenient way of bio sign monitoring for the consumers.","Cardio-Respiratory System, Thermal Regulation","Body Temperature, Heart Rate",Ear Canal,"Electrical, Thermal","Beats Per Minute (BPM), Electrocardiogram (ECG), Body Temperature",Long Time Wearability
135,VitalPod: A Low Power In-Ear Vital Parameter Monitoring System,"Schilk, Philipp et al.","Schilk, Philipp and Dheman, Kanika and Magno, Michele",2022,https://ieeexplore.ieee.org/document/9941646,"Monitoring of physiological parameters support early detection, prevention, and management of adverse health-care related events. In-ear wearable sensor nodes that track changing bio-physiological signals can be advantageous over traditional monitoring methods in being compact, unobtrusive, and inconspicuous, increasing their appeal. However, in-ear ergonomics place rigid constraints on a device's physical design and size, limiting battery lifetime and restricting the incorporation of multiple sensor modules. This work presents the design and implementation of the wireless hearable VitalPod, an in-ear multi-vital sign monitor that measures heart rate (HR), respiratory rate (RR), blood oxygenation (SpO2), skin temperature and activity. The VitalPod is designed with low power and energy efficiency in mind, using novel sensing integrated circuits and processing modules that achieve operational longevity of up to 42 hours using a small form factor 32mAh rechargeable Liion polymer battery. It has a compact design and form factor, similar to many commercial wireless earbuds, featuring hardware required for wireless music playback using a standard balanced armature driver in addition to vital sign monitoring sensors. Experimental results show high performance in estimating vital signs for HR (-0.061± 1.12 beats per minute), RR (0.87±1.48 breaths per minute) and change in SpO2 (0.21±0.82 %). Additionally, the presented work also evaluates the positional placement of sensors in the ear to reduce the effect of motion induced artifacts.","Cardio-Respiratory System, Thermal Regulation","Body Temperature, Heart Rate, Blood Oxygen Saturation, Respiration Rate",Ear Canal,"Photo, Mechanical, Thermal, Acoustic","Photoplethysmography (PPG), Beats Per Minute (BPM), Body Temperature, Breath per minute (BRPM)",Energy-efficient
136,Detecting Physiological Responses Using Multimodal Earbud Sensors,"Rahman, Md Mahbubur et al.","Rahman, Md Mahbubur and Xu, Xuhai and Nathan, Viswam and Ahmed, Tousif and Ahmed, Mohsin Yusuf and McCaffrey, Dan and Kuang, Jilong and Cowell, Trevor and Moore, Julia and Mendes, Wendy Berry and Gao, Jun Alex",2022,https://ieeexplore.ieee.org/document/9871569,"Continuous stress exposure negatively impacts mental and physical well-being. Physiological arousal due to stress affects heartbeat frequency, changes breathing pattern and peripheral temperature, among several other bodily responses. Traditionally stress detection is performed by collecting signals such as electrocardiogram (ECG), respiration, and skin conductance response using uncomfortable sensors such as a chestband. In this study, we use earbuds that passively measure photoplethysmography (PPG), core body temperature, and inertial measurements. We have conducted a lab study exposing 18 participants to an evaluated speech task and additional tasks aimed at increasing stress or promoting relaxation. We simultaneously collected PPG, ECG, impedance cardiography (ICG), and blood pressure using laboratory grade equipment as reference measurements. We show that the earbud PPG sensor can reliably capture heart rate and heart rate variability. We further show that earbud signals can be used to classify the physiological responses associated with stress with 91.30% recall, 80.52% precision, and 85.12% F1-score using a random forest classifier with leave-one-subject-out cross-validation. The accuracy can further be improved through multi-modal sensing. These findings demonstrate the feasibility of using earbuds for passively monitoring users' physiological responses.","Cardio-Respiratory System, Thermal Regulation, Mental State","Stress, Body Temperature, Heart Rate",Ear Canal,"Photo, Mechanical, Thermal","Photoplethysmography (PPG), Body Temperature, IMU Signals",Long Time Wearability
137,BreatheBuddy: Tracking Real-time Breathing Exercises for Automated Biofeedback Using Commodity Earbuds,"Rahman, Md Mahbubur et al.","Rahman, Md Mahbubur and Ahmed, Tousif and Ahmed, Mohsin Yusuf and Dinh, Minh and Nemati, Ebrahim and Kuang, Jilong and Gao, Jun Alex",2022,https://doi.org/10.1145/3546748,"Breathing exercises reduce stress and improve overall mental well-being. There are various types of breathing exercises. Performing the exercises correctly may give the best outcome and doing it in wrong ways can sometimes have adverse effect. Providing real-time biofeedback can greatly improve the user experience in doing the right exercises in the right ways. In this paper, we present methods to passively track breathing biomarkers in real-time using wireless commodity earbuds and generate feedback on users' breathing performance. We use the earbud's low-power accelerometer to generate a comprehensive set of breathing biomarkers including breathing phase, breathing rate, depth of breathing, and breathing symmetry. We have conducted studies where the subjects performed different types of guided breathing exercises while wearing the earbuds. Our algorithms detect breathing phases with 90.91% F1-score and estimate breathing rate with 95.05% accuracy. We further show that our algorithms can be used to generate biofeedback towards designing engaging smartphone's user interactions that facilitate users to accurately perform various breathing exercises.",Cardio-Respiratory System,"Respiration Rate, Breathing phase, Respiration Marker",Ear Canal,Mechanical,"Inhale / Exhale phase, Breathing rate, Depth of breathing, Inhalation/Exhalation ratio",
138,Multiphysiological Shallow Neural Network-Based Mental Stress Detection System for Wearable Environment,"Sheeraz, Muhammad et al.","Sheeraz, Muhammad and Aslam, Abdul Rehman and Altaf, Muhammad Awais Bin",2022,https://ieeexplore.ieee.org/document/9937517,"Health problems related to stress are increasing globally and significantly affect the mental health and quality of life of human beings. Continuous suffering from stress may lead to serious psychological and physical health problems. But still, no effective and reliable stress detection methods are available. In this paper, a novel wearable device is presented to measure electroencephalogram (EEG) and electrocardiogram (ECG) simultaneously in a non-invasive approach. This system includes an analog front end (AFE) integrated with a machine learning-based digital backend (DBE) processor for mental stress prediction using only 3 electrodes. A PCB prototype is developed using the commercial off-the-shelf components. The developed prototype shows excellent noise performance of 0.1μVrms and predicts the mental stress with a classification accuracy of 92.7%. The proposed system is lightweight and easily wearable (behind the ear). The data is acquired from 25 participants for different stress scenarios including the Arithmetic Test and Stroop Color Word Test. Different EEG and ECG based features combinations are used for the classification of stress conditions using a shallow neural network (SNN) classifier.",Mental State,Stress,Behind the ear,Electrical,"Electroencephalography (EEG), Electrocardiogram (ECG)",Non-invasive
139,Stereo-BP: Non-Invasive Blood Pressure Sensing with Earables,"Balaji, Ananta Narayanan et al.","Balaji, Ananta Narayanan and Ferlini, Andrea and Kawsar, Fahim and Montanari, Alessandro",2023,https://doi.org/10.1145/3572864.3580341,"Frequent blood pressure monitoring with earables has been increasingly explored owing to its importance in diagnosing cardiac health. While previous solutions for blood pressure estimation in earables are uncomfortable and less accurate, the objective of this study is to achieve non-invasive, accurate and cuff-less blood pressure monitoring with PPG sensors integrated into earphones. To this end, we investigated photoplethysmograph (PPG) signals from the left and right ears and found that blood arrives earlier in the left ear due to the closer distance from the heart. Based on our findings, we propose Stereo-BP --- an earable system leveraging the pulse time difference measured between PPG signals from our left and right ear-worn prototypes to estimate blood pressure. Our preliminary evaluation with 20 participants shows the feasibility of measuring systolic and diastolic blood pressure from the ears, with mean absolute errors of 3.97 mmHg and 3.83 mmHg, respectively, against ground truth blood pressure measurements from a clinical-grade cuff-based device. Our investigation shows the feasibility of Stereo-BP in providing frequent blood pressure estimation with future earables.",Cardio-Respiratory System,Blood Pressure,On the ear helix,Photo,Pulse Time Difference (PTD),"High Accuracy, Non-invasive"
140,A Wearable EEG Acquisition Device With Flexible Silver Ink Screen Printed Dry Sensors,"Sheeraz, Muhammad et al.","Sheeraz, Muhammad and Saadeh, Wala and Altaf, Muhammad Awais Bin",2023,https://ieeexplore.ieee.org/document/10181812/,"Current electroencephalogram (EEG) measuring systems are bulky, impose constraints on patients, and require pre and post-measuring procedures. Usually, the EEG systems use either wet or dry EEG sensors, with the former suffers from skin preparation, the issues of adhesive conductive gels, and one-time usability whereas the latter causes skin irritation, abrasion, and pain upon pressure. Hence, these sensors are not suitable for long-term measurements. This paper presents a novel, wireless, behind-the-ear wearable EEG acquisition device that incorporates flexible dry EEG sensors. Silver ink-printed flexible sensors are fabricated using screen printing to overcome the above-mentioned drawbacks and limitations of conventional EEG sensors. The flexible sensors form a capacitive link with the skin via an adhesive layer between the sensor and the person's skin and are capable of acquiring the EEG without any skin preparation or gel. The performance of the printed flexible EEG sensors is tested by comparing them with the standard Ag/AgCl pre-gelled sensors. The alpha wave test and evoked potential EEG test are also performed for verification. The proposed device has a small form factor similar to a hearing aid and an in-house configurable Analog Front End (AFE) and Digital Back End (DBE) Processor and is capable of acquiring continuous EEG for a longer duration in a user-friendly and socially discrete manner.",Nervous System,Brain Activity,Behind the ear,Electrical,Electroencephalography (EEG),"Continuous, High Quality"
141,Detection of Microsleep Events With a Behind-the-Ear Wearable System,"Pham, Nhat et al.","Pham, Nhat and Dinh, Tuan and Kim, Taeho and Raghebi, Zohreh and Bui, Nam and Truong, Hoang and Nguyen, Tuan and Banaei-Kashani, Farnoush and Halbower, Ann and Dinh, Thang and Nguyen, Phuc and Vu, Tam",2023,https://ieeexplore.ieee.org/document/9462324/,"Every year, the U.S. economy loses more than $411 billion because of work performance reduction, injuries, and traffic accidents caused by microsleep. To mitigate microsleep's consequences, an unobtrusive, reliable, and socially acceptable microsleep detection solution throughout the day, every day is required. Unfortunately, existing solutions do not meet these requirements. In this paper, we propose WAKE, a novel behind-the-ear wearable device for microsleep detection. By monitoring biosignals from the brain, eye movements, facial muscle contractions, and sweat gland activities from behind the user's ears, WAKE can detect microsleep with a high temporal resolution. We introduce a Three-fold Cascaded Amplifying (3CA) technique to tame the motion artifacts and environmental noises for capturing high fidelity signals. Through our prototyping, we show that WAKE can suppress motion and environmental noise in real-time by 9.74-19.47 dB while walking, driving, or staying in different environments, ensuring that the biosignals are captured reliably. We evaluated WAKE using gold-standard devices on 19 sleep-deprived and narcoleptic subjects. The Leave-One-Subject-Out Cross-Validation results show the feasibility of WAKE in microsleep detection on an unseen subject with average precision and recall of 76 and 85 percent, respectively.",Nervous System,"Brain Activity, Drowsiness",Behind the ear,"Combination, Electrical","Electroencephalography (EEG), Electrooculography (EOG), Electromyography (EMG), Electrodermal Activity(EDA)",Energy-efficient
142,Behind-the-Ear EEG-Based Wearable Driver Drowsiness Detection System Using Embedded Tiny Neural Networks,"Nguyen, Ha-Trung et al.","Nguyen, Ha-Trung and Mai, Ngoc-Dau and Lee, Boon Giin and Chung, Wan-Young",2023,https://ieeexplore.ieee.org/document/10236992,"Driver drowsiness is a major factor that leads to traffic accidents and loss of life. A popular drowsiness detection (DD) method is based on machine learning (ML) and monitoring electroencephalogram (EEG) signals from the scalp. However, the setup is usually bulky and too obtrusive for use in daily life. In addition, the data processing unit is usually placed in large hardware such as cloud servers and personal computers that receive the EEG signal from wearable sensors wirelessly. This results in a cumbersome system that lacks mobility and suffers high latency and power consumption because of wireless connection. The behind-the-ear (BTE) EEG is a novel approach that promises a more convenient and practical solution than scalp-EEG. Recent advances in tiny ML (TinyML) mean that on-device ML-based driver DD (DDD) could also be realized to avoid the limitations mentioned above. This article presents the design of a novel BTE EEG-based DDD system that uses a wearable headband device and runs built-in neural network (NN) models. The device collects EEG signals from four proposed BTE locations that are then preprocessed. Welch’s method is applied to extract the relative power spectral density (rPSD) ratio of three EEG bands (theta, alpha, and beta). Two NN models [multilayer perceptron (MLP) and convolutional NN (CNN)] were trained and compared to a support vector machine (SVM) before deployment in the embedded device. Then, a benchmark test was performed to evaluate the on-device performances of these models. The test results established the practicality and feasibility of the proposed system for on-device DDD.",Nervous System,Brain Activity,Behind the ear,Electrical,Electroencephalography (EEG),Energy-efficient
143,APG: Audioplethysmography for Cardiac Monitoring in Hearables,"Fan, Xiaoran et al.","Fan, Xiaoran and Pearl, David and Howard, Richard and Shangguan, Longfei and Thormundsson, Trausti",2023,https://doi.org/10.1145/3570361.3613281,"This paper presents Audioplethysmography (APG), a novel cardiac monitoring modality for active noise cancellation (ANC) headphones. APG sends a low intensity ultrasound probing signal using an ANC headphone's speakers and receives the echoes via the on-board feedback microphones. We observed that, as the volume of ear canals slightly changes with blood vessel deformations, the heartbeats will modulate these ultrasound echoes. We built mathematical models to analyze the underlying physics and propose a multi-tone APG signal processing pipeline to derive the heart rate and heart rate variability in both constrained and unconstrained settings. APG enables robust monitoring of cardiac activities using mass-market ANC headphones in the presence of music playback and body motion such as running.","Cardio-Respiratory System, Cardiovascular System","Heart Rate Variability, Heart Rate","Around the ear, Ear Canal",Acoustic,Ultrasound echoes,"High Accuracy, High Robustness"
144,Earmonitor: In-ear Motion-resilient Acoustic Sensing Using Commodity Earphones,"Sun, Xue et al.","Sun, Xue and Xiong, Jie and Feng, Chao and Deng, Wenwen and Wei, Xudong and Fang, Dingyi and Chen, Xiaojiang",2023,https://doi.org/10.1145/3569472,"Earphones are emerging as the most popular wearable devices and there has been a growing trend in bringing intelligence to earphones. Previous efforts include adding extra sensors (e.g., accelerometer and gyroscope) or peripheral hardware to make earphones smart. These methods are usually complex in design and also incur additional cost. In this paper, we present Earmonitor, a low-cost system that uses the in-ear earphones to achieve sensing purposes. The basic idea behind Earmonitor is that each person's ear canal varies in size and shape. We therefore can extract the unique features from the ear canal-reflected signals to depict the personalized differences in ear canal geometry. Furthermore, we discover that the signal variations are also affected by the fine-grained physiological activities. We can therefore further detect the subtle heartbeat from the ear canal reflections. Experiments show that Earmonitor can achieve up to 96.4% Balanced Accuracy (BAC) and low False Acceptance Rate (FAR) for user identification on a large-scale data of 120 subjects. For heartbeat monitoring, without any training, we propose signal processing schemes to achieve high sensing accuracy even in the most challenging scenarios when the target is walking or running.",Cardio-Respiratory System,Heart Rate,Ear Canal,Acoustic,In-ear acoustic reflection signals,High Accuracy
145,The Modern Hearing Aid: A Platform for Health and Wellness Tracking,"Schroeder, Mark J. et al.","Schroeder, Mark J. and Olson, Kyle D. and O’Brien, Parker and Lin, Andy S.",2023,https://ieeexplore.ieee.org/document/10331528/,"An existing receiver-in-canal hearing aid was used as a platform upon which to build a health and wellness sensor system. Four biometric signals, all vital signs, were integrated into the system. The biometric signals consist of body temperature, oxygen saturation, heart rate and respiration rate. The system allows for measurements to be acquired both automatically and on-demand while being tracked in a smartphone app. All sensor modalities were evaluated for accuracy and each met standards that have been set by either governing bodies or the research community. Wearing the in-canal device for several hours was well tolerated by all users. Power consumption during measurement acquisition was significantly elevated. However, since readings are taken only intermittently, additional battery charging was not required throughout the day. Since a large portion of the hearing aid-wearing community are elderly and more prone to the negative effects of illness, the evolution of the hearing aid to provide real-time monitoring and tracking of vital signs is both logical and prudent. Early detection of deteriorating health allows users and their caregivers to seek medical intervention sooner which could potentially reduce the likelihood and severity of a negative outcome.","Cardio-Respiratory System, Thermal Regulation","Body Temperature, Heart Rate, Blood Oxygen Saturation, Respiration Rate",Ear Canal,"Photo, Mechanical, Thermal","Photoplethysmography (PPG), Body Temperature","Long Time Wearability, Energy-efficient"
146,Wireless earbuds for low-cost hearing screening,"Chan, Justin et al.","Chan, Justin and Glenn, Antonio and Itani, Malek and Mancl, Lisa R. and Gallagher, Emily and Bly, Randall and Patel, Shwetak and Gollakota, Shyamnath",2023,https://doi.org/10.1145/3581791.3596856,"We present the first wireless earbud hardware that can perform hearing screening by detecting otoacoustic emissions. The conventional wisdom has been that detecting otoacoustic emissions, which are the faint sounds generated by the cochlea, requires sensitive and expensive acoustic hardware. Thus, medical devices for hearing screening cost thousands of dollars and are inaccessible in low and middle income countries. We show that by designing wireless ear-buds using low-cost acoustic hardware and combining them with wireless sensing algorithms, we can reliably identify otoacoustic emissions and perform hearing screening. Our algorithms combine frequency modulated chirps with wideband pulses emitted from a low-cost speaker to reliably separate otoacoustic emissions from in-ear reflections and echoes. We conducted a clinical study with 50 ears across two healthcare sites. Our study shows that the low-cost earbuds detect hearing loss with 100% sensitivity and 89.7% specificity, which is comparable to the performance of a $8000 medical device. By developing low-cost and open-source wearable technology, our work may help address global health inequities in hearing screening by democratizing these medical devices.",Health Tracking,Hearing Status,Ear Canal,Acoustic,Otoacoustic Emissions (OAE),"Low Cost, High Accuracy"
147,RRDetection: Respiration Rate Estimation Using Earbuds During Physical Activities,"Jin, Yincheng et al.","Jin, Yincheng and Rahman, Md Mahbubur and Ahmed, Tousif and Kuang, Jilong and Gao, Alex Jun",2023,https://ieeexplore.ieee.org/document/10340157/,"In modern times, earbuds have become both popular and essential accessories for people to use with a wide range of devices in their everyday lives. Moreover, the respiration rate is a crucial vital sign that is sensitive to various pathological conditions. Many earbuds now come equipped with multiple sensing capabilities, including inertial and acoustic sensors. These sensors can be used by researchers to passively monitor users’ vital signs, such as respiration rates. While current earbud-based breath rate estimation algorithms mostly focus on resting conditions, recent studies have demonstrated that respiration rates during physical activities can predict cardio-respiratory fitness for healthy individuals and pulmonary conditions for respiratory patients. To address this gap, we propose a novel algorithm called RRDetection that leverages the motion sensors in ordinary earbuds to detect respiration rates during light to moderate physical activities.",Cardio-Respiratory System,Respiration Rate,Ear Canal,Mechanical,IMU Signals,"Long Time Wearability, Energy-efficient"
148,Remote Breathing Rate Tracking in Stationary Position Using the Motion and Acoustic Sensors of Earables,"Ahmed, Tousif et al.","Ahmed, Tousif and Rahman, Md Mahbubur and Nemati, Ebrahim and Ahmed, Mohsin Yusuf and Kuang, Jilong and Gao, Alex Jun",2023,https://doi.org/10.1145/3544548.3581265,"Breathing rate is critical for the user’s respiratory health and is hard to track outside the clinical context, requiring specialized devices. Earables could provide a convenient solution to track the breathing rate anywhere by leveraging the user’s breathing-related motion and sound captured through the earables’ motion sensors and microphones. However, small non-breathing head movements or background noises during the assessment affect the estimation accuracy. While noise filtering improves accuracy, it can discard valid measurements. This paper presents a multimodal approach to tracking the user’s breathing rate using a signal-processing-based algorithm on motion sensors and a lightweight machine-learning algorithm on acoustic sensors from the earables that balances the accuracy and data retention. A user study with 30 participants shows that the system can accurately calculate breathing rate (Mean Absolute Error < 2 breaths per minute) while retaining most breathing sessions (75%) performed in real-world settings. This work provides an essential direction for remote breathing rate monitoring.",Cardio-Respiratory System,Respiration Rate,Ear Canal,"Mechanical, Acoustic",Beats Per Minute (BPM),"High Accuracy, Remote"
149,Hearables: Automatic Sleep Scoring from Single-Channel Ear-EEG in Older Adults,"Hammour, Ghena et al.","Hammour, Ghena and Atzori, Giuseppe and Monica, Ciro Della and Ravindran, Kiran K G and Revell, Victoria and Dijk, Derk-Jan and Mandic, Danilo P.",2023,https://ieeexplore.ieee.org/document/10340253,"Sleep disorders are a prevalent problem among older adults, yet obtaining an accurate and reliable assessment of sleep quality can be challenging. Traditional polysomnography (PSG) is the gold standard for sleep staging, but is obtrusive, expensive, and requires expert assistance. To this end, we propose a minimally invasive single-channel single ear-EEG automatic sleep staging method for older adults. The method employs features from the frequency, time, and structural complexity domains, which provide a robust classification of sleep stages from a standardised viscoelastic earpiece. Our method is verified on a dataset of older adults and achieves a kappa value of at least 0.61, indicating substantial agreement. This paves the way for a non-invasive, cost-effective, and portable alternative to traditional PSG for sleep staging.",Nervous System,Sleep,Ear Canal,Electrical,Electroencephalography (EEG),"Non-invasive, Low Cost"
150,Template-Based Extraction of Interbeat Intervals from in-Ear Heartbeat Sounds,"Benesch, Danielle et al.","Benesch, Danielle and Chabot, Philippe and Tom, Ajin and Voix, Jérémie and Bouserhal, Rachel E.",2024,https://ieeexplore.ieee.org/document/10780689,"Recent advancements in hearable technology have led to the development of multifunctional in-ear devices equipped with microphones that can improve audio experiences, assist with hearing and enhance speech communication. This paper introduces a template-based algorithm for extracting interbeat intervals (IBIs) from heartbeat sounds captured by acoustic in-ear microphones. The proposed method involves generating a template using the median waveform of the heartbeat sound, using this template for correlation-based peak detection, and detecting anomalies in the resulting peaks. The algorithm is evaluated on 39 participants in silence and noise, with ground truth provided by concurrent electrocardiography measurements. Results demonstrate that the template-based approach improves the accuracy of IBI extraction, achieving 4.68 milliseconds mean absolute error using a 300-second analysis window, which is an improvement of 55.13% from the benchmark method found in the literature. This study highlights the potential of template-based algorithms for heart rate variability analysis using acoustic in-ear microphones, broadening the applications of hearable technology for continuous non-invasive health monitoring.",Cardiovascular System,"Heart Rate Variability, Inter-Beat Interval, Heart Sound",Ear Canal,Acoustic,,High Accuracy
151,A 65-nm CMOS Millimeter-Wave Ear-Worn Non-Invasive Continuous Glucose Monitoring Chipset Using a 0.17mm2 72mW Transmitter and a 0.75mm2 80mW Direct-Conversion Receiver,"Niitsu, Kiichi et al.","Niitsu, Kiichi and Fukushima, Koki and Hiraoka, Yuichi and Urawa, Hidenori and Ozawa, Yutaka and Osaki, Yuya and Kaneko, Masaya and Nakamura, Jin and Yoshikawa, Hideo",2024,https://ieeexplore.ieee.org/document/10506119,"Diabetes necessitates monitoring of blood glucose levels. However, the existing methods are invasive in nature while being expensive and not being suitable for continuous monitoring. Thus, this study proposed a low-cost millimeter-wave (MMW) complementary metal-oxide-semiconductor (CMOS) transmitter and receiver chipset to facilitate ear-worn non-invasive continuous glucose monitoring for diabetic care. The direct conversion receiver method was adopted, which reduced the total area of the entire circuit by 37% compared to the conventional technology, thus decreasing the cost. A prototype chip of the transmitter and receiver circuits was designed and developed in 65-nm CMOS, and the MMW transmission/reception operation was confirmed in the 30-GHz band between two simulated human bodies composed of DI water and glucose.",Cardiovascular System,Blood Glucose,Earlobe,Electromagnetic,Blood Glucose Level,"Continuous, Low Cost"
152,HearBP: Hear Your Blood Pressure via In-ear Acoustic Sensing Based on Heart Sounds,"Zhao, Zhiyuan et al.","Zhao, Zhiyuan and Li, Fan and Xie, Yadong and Xie, Huanran and Zhang, Kerui and Zhang, Li and Wang, Yu",2024,https://ieeexplore.ieee.org/document/10621249/,"Continuous blood pressure (BP) monitoring using wearable devices has received increasing attention due to its importance in diagnosing diseases. However, existing methods mainly measure BP intermittently, involve some form of user effort, and suffer from insufficient accuracy due to sensor properties. In order to overcome these limitations, we study the BP measurement technology based on heart sounds, and find that the time interval between the first and second heart sounds (TIFS) of bone-conducted heart sounds collected in the binaural canal is closely related to BP. Motivated by this, we propose HearBP, a novel BP monitoring system that utilizes inear microphones to collect bone-conducted heart sounds in the binaural canal. We first design a noise removing method based on U-net autoencoder-decoder to separate clean heart sounds from background noises. Then, we design a feature extraction method based on shannon energy and energy-entropy ratio to further mine the time domain and frequency domain features of heart sounds. In addition, combined with the principal component analysis algorithm, we achieve feature dimension reduction to extract the main features related to BP. Finally, we propose a network model based on dendritic neural regression to construct a mapping between the extracted features and BP. Extensive experiments with 41 participants show the average estimation error of 0.97mmHg and 1.61mmHg and the standard deviation error of 3.13mmHg and 3.56mmHg for diastolic pressure and systolic pressure, respectively. These errors are within the acceptable range specified by the FDA’s AAMI protocol.",Cardio-Respiratory System,Blood Pressure,Ear Canal,Acoustic,Heart sound,"Non-invasive, Continuous"
153,Optimal Head-mounted IMU Placement for Heart Rate Detection Using Ballistography,"Roshan, Saboora M. et al.","Roshan, Saboora M. and Park, Edward J.",2024,https://ieeexplore.ieee.org/document/10782353,"Continuous and accurate heart rate monitoring is pivotal for the early detection of cardiovascular conditions. Traditional heart rate sensing methods, such as the use of adhesive electrocardiogram (ECG) electrodes, often fall short in terms of comfort and convenience for everyday wear and continuous monitoring. Ballistocardiography (BCG), a non-invasive alternative, offers a promising solution by measuring the body’s mechanical reactions to the ejected blood by the heart during cardiac cycles. This paper introduces a novel heart detection method utilizing IMU-based BCG applied to the head, focusing on optimizing sensor placement on the head for improved accuracy. Noteworthy is that the detection algorithm needs to be robust against noise and movement artifacts; therefore, the choice of sensor location and signal processing techniques become key factors. This pilot study explores various IMU mounting locations on the head and signal processing techniques to improve the feasibility and accuracy of head-mounted wearable devices employing BCG.",Cardio-Respiratory System,Heart Rate,Head-mounted,Mechanical,IMU Signals,"Non-invasive, High Accuracy"
154,Exploring the Feasibility of Remote Cardiac Auscultation Using Earphones,"Chen, Tao et al.","Chen, Tao and Yang, Yongjie and Fan, Xiaoran and Guo, Xiuzhen and Xiong, Jie and Shangguan, Longfei",2024,https://doi.org/10.1145/3636534.3649366,"The elderly over 65 accounts for 80% of COVID deaths in the United States. In response to the pandemic, the federal, state governments, and commercial insurers are promoting video visits, through which the elderly can access specialists at home over the Internet, without the risk of COVID exposure. However, the current video visit practice barely relies on video observation and talking. The specialist could not assess the patient's health conditions by performing auscultations. This paper tries to address this key missing component in video visits by proposing Asclepius, a hardware-software solution that turns the patient's earphones into a stethoscope, allowing the specialist to hear the patient's fine-grained heart sound (i.e., PCG signals) in video visits. To achieve this goal, we contribute a low-cost plug-in peripheral that repurposes the earphone's speaker into a microphone and uses it to capture the patient's minute PCG signals from her ear canal. As the PCG signals suffer from strong attenuation and multi-path effects when propagating from the heart to ear canals, we then propose efficient signal processing algorithms coupled with a data-driven approach to de-reverberate and further correct the amplitude and frequency distortion in raw PCG receptions. We implement Asclepius on a 2-layer PCB board and follow the IRB protocol to evaluate its performance with 30 volunteers. Our extensive experiments show that Asclepius can effectively recover Phonocardiogram (PCG) signals with different types of earphones. The objective blind testing and subjective interview with five cardiologists further confirm the clinical efficacy and efficiency of our system. PCG signal samples, benchmark results, and cardiologist interviews can be found at: https://asclepius-system.github.io/",Cardiovascular System,Heart Sound,Headphone type,Acoustic,Phonocardiogram (PCG),"High Accuracy, Low Cost"
155,An Unobtrusive and Lightweight Ear-worn System for Continuous Epileptic Seizure Detection,"Aziz, Abdul et al.","Aziz, Abdul and Pham, Nhat and Vora, Neel and Reynolds, Cody and Lehnen, Jaime and Venkatesh, Pooja and Yao, Zhuoran and Harvey, Jay and Vu, Tam and Ding, Kan and Nguyen, Phuc",2024,https://doi.org/10.1145/3703164,"Epilepsy is one of the most common neurological diseases globally (around 50M people globally). Fortunately, up to 70% of people with epilepsy could live seizure-free if properly diagnosed and treated, and a reliable technique to monitor the onset of seizures could improve the quality of life of patients who are constantly facing the fear of random seizure attacks. The current gold standard, video-EEG (v-EEG), involves attaching over 20 electrodes to the scalp, is costly, requires hospitalization, trained professionals, and is uncomfortable for patients. To address this gap, we developed EarSD, a lightweight and unobtrusive ear-worn system to detect seizure onsets by measuring physiological signals behind the ears. This system can be integrated into earphones, headphones, or hearing aids, providing a convenient solution for continuous monitoring. EarSD is an integrated custom-built sensing-computing-communication ear-worn platform to capture seizure signals, remove the noises caused by motion artifacts and environmental impacts, and stream the collected data wirelessly to the computer/mobile phone nearby. EarSD’s ML algorithm, running on a server, identifies seizure-associated signatures and detects onset events. We evaluated the proposed system in both in-lab and in-hospital experiments at the University of Texas Southwestern Medical Center with epileptic seizure patients, confirming its usability and practicality.",Health Tracking,Epileptic Seizure,Behind the ear,Electrical,"Electroencephalography (EEG), Electromyography (EMG), Electrooculography (EOG)","High Accuracy, Long time wearability"
156,No Ear Left Behind: Wireless Earbuds for Low-Cost Hearing Screening,"Chan, Justin et al.","Chan, Justin and Glenn, Antonio and Itani, Malek and Mancl, Lisa R. and Gallagher, Emily R.",2024,https://doi.org/10.1145/3701701.3701709,"Hearing loss is particularly harmful for language acquisition and neuro-development if it is left undetected in early childhood. Newborn hearing screening technologies using otoacoustic emissions (OAE) rely on detecting soft sounds generated by a healthy cochlea. High-income countries like the United States frequently implement hearing screening programs for every child at birth. However, such universal hearing screening is significantly less common in low- and middle-income countries, partly due to the conventional wisdom that the test requires sensitive and expensive acoustic hardware that costs thousands of dollars. In our MobiSys paper[1], we present the first wireless earbud design for low-cost hearing screening. Our hardware-software system reliably performs hearing screening using low-cost acoustic hardware, while being in the form-factor of a wireless earbud (Figure. 1a,b). The earbud hardware is designed to work across a large age range from newborns to adults. By developing low-cost and open-source wearable technology, our work may help address global health inequities in hearing screening by democratizing these medical devices.",Health Tracking,Hearing Status,Ear Canal,Acoustic,Otoacoustic Emissions (OAE),"Low Cost, High Accuracy"
157,"OptiBreathe: An Earable-based PPG System for Continuous Respiration Rate, Breathing Phase, and Tidal Volume Monitoring","Romero, Julia et al.","Romero, Julia and Ferlini, Andrea and Spathis, Dimitris and Dang, Ting and Farrahi, Katayoun and Kawsar, Fahim and Montanari, Alessandro",2024,https://doi.org/10.1145/3638550.3641136,"In the continuous quest to push the boundaries of mobile healthcare and fitness tracking, monitoring respiratory biomarkers emerges as a pivotal frontier. In this paper, we present OptiBreathe, a lightweight on-device earable system designed to decode the respiratory modulations within photoplethysmography (PPG) signals. OptiBreathe computes three clinical respiratory biomarkers towards enabling continuous respiratory health monitoring with wearable devices. In our effort to bridge respiratory research and earable computing, we collected a first-of-its-kind dataset that empowers researchers to explore in-ear PPG alongside gold-standard spirometry-based ground truth in order to measure respiration rate, breathing phases, and tidal volume. OptiBreathe employs multiple algorithms to measure each respiratory parameter, achieving a best mean absolute error (MAE) of 1.96 breaths per minute on respiratory rate. When estimating breathing phases and tidal volume, OptiBreathe attains an MAE of 0.48 seconds on inspiratory time, 0.14 on inhalation-exhalation ratio (inhalation duration divided by exhalation duration), and a best mean absolute percentage error (MAPE) of 17% on tidal volume (averaged across subjects). This work shows that the best performing algorithm depends on individuals' unique physiology, and that future research should investigate the relationship between physiological factors and algorithm performances. As we look forward, we highlight the challenges and nuances in harnessing PPG sensors for respiratory monitoring, inviting researchers to build upon our work.",Cardio-Respiratory System,"Respiration Rate, Breathing phase, Tidal Volume",Ear Canal,Photo,"Respiratory Phase Metrics, Tidal Volume (TV)",High Accuracy
158,Ballistocardiogram-Based Heart Rate Variability Estimation for Stress Monitoring using Consumer Earbuds,"Lin, David J. et al.","Lin, David J. and Rahman, Md Mahbubur and Zhu, Li and Nathan, Viswam and Bae, Jungmok and Rosa, Christina and Mendes, Wendy B. and Kuang, Jilong and Gao, Alex J.",2024,https://ieeexplore.ieee.org/document/10447280,"Stress can potentially have detrimental effects on both physical and mental well-being, but monitoring it can be challenging, especially in free-living conditions. One approach to address this challenge is to use earbud accelerometers to capture the ballistocardiogram (BCG) response. These sensors allow for noninvasive stress monitoring by estimating physiological indicators linked to stress, such as heart rate variability (HRV). However, ear-worn devices are susceptible to motion artifacts and can exhibit significant BCG signal morphology variations. These challenges necessitate accurate algorithms to estimate HRV for everyday use. Therefore, we developed a method to measure interbeat intervals (IBI) from BCG signals collected from an earbud. To enhance IBI estimation accuracy, we employed a Bayesian method that incorporates robust apriori IBI prediction weighting and sensor fusion techniques. We have also conducted a study involving 97 participants to assess the earbuds' ability to estimate HRV metrics and classify stressful activities. Our findings demonstrate low IBI estimation error (4.16% ± 1.90%), along with lower errors in subsequent higher-order HRV metrics compared to the state-of-the-art algorithms.",Cardiovascular System,Inter-Beat Interval,Ear Canal,Mechanical,Ballistocardiogram (BCG),"Non-invasive, Long Time Wearability"
159,End-to-End Processing-on-Chip Wearable Ear EEG Device with Tiny Neural Network for Multilevel Stress Detection,"Mai, Ngoc-Dau et al.","Mai, Ngoc-Dau and Nando, Yudi April and Chung, Wan-Young",2024,https://ieeexplore.ieee.org/document/10785105,"The study proposes an innovative method for predicting stress levels that employs electroencephalography (EEG) data collected from behind the ear (BTE) and incorporates tiny neural networks (TNN). The system, which consists of an EEG processing device and a companion smartphone application for monitoring, is designed to: (1) collect EEG signals from behind the ear rather than the scalp, prioritizing comfort and reducing hair interference; (2) filter out irrelevant signals from the desired EEG; (3) extract relative power spectral density (PSD) features from EEG data using Fast Fourier Transform (FFT); and (4) classify stress levels using a proposed TNN. Importantly, all processing stages occur on the chip itself, rather than on external devices such as PCs or servers, providing fast and synchronized processing and preventing data loss during transmission. In addition, (5) a user-friendly smartphone app is being created for rapid and straightforward stress level monitoring. Experimental results show that the on-chip TNN is successful, with accuracy of 90.83%, precision of 90.87%, recall of 90.83%, and an F1-score of 0.9081, all verified using leave-one-subject-out cross-validation (LOOCV). This merging of BTE EEG analysis with on-chip TNNs offers the potential for enhancing mental stress detection and other health-related uses.",Mental State,Stress,Behind the ear,Electrical,Electroencephalography (EEG),"Non-invasive, Long Time Wearability, Energy-efficient"
160,A Framework for Extracting Heart Rate Variability Features from Earbud-PPG for Stress Detection,"Gullapalli, Bhanu Teja et al.","Gullapalli, Bhanu Teja and Nathan, Viswam and Rahman, Md Mahbubur and Kuang, Jilong and Gao, Jun Alex",2024,https://ieeexplore.ieee.org/document/10782088,"Unmanaged stress can lead to serious physiological and mental health issues, making it important to monitor stress continuously using wearable sensors. In this work, we investigate the use of photoplethysmography (PPG) sensors in consumer-grade earbud devices to classify periods of stress. We propose a framework that initially employs deep learning to predict heart rate variability (HRV) features from the relatively noisy earbud PPG signal. Subsequently, we transfer this knowledge and use these features for the downstream task of stress classification. The proposed framework outperforms an existing state-of-the-art library on HRV feature extraction, resulting in at least 5% improvement in accuracy, sensitivity, and specificity for stress detection",Mental State,Stress,Ear Canal,Photo,Photoplethysmography (PPG),Non-invasive
161,Precise Opening Detection of Heart Aortic Valve Towards Noninvasive Continuous Blood Pressure Detection,L. Zhu et al.,L. Zhu; M. Bin Morshed; J. -O. Hahn; M. M. Rahman; S. Desai,2025,https://ieeexplore.ieee.org/document/11254380/,"This paper presents a novel earbud-based system for continuous, noninvasive blood pressure (BP) monitoring using precise arterial pulse transit time (PTT) estimation. The system integrates a low-noise inertial measurement unit (IMU) and a photoplethysmography (PPG) sensor, achieving highly synchronized data acquisition at 450 Hz with <1.1 millisecond synchronization error between the sensors. Key contributions include: (i) a rigorous validation of ballistocardiogram (BCG)-based proximal timing (B-point) estimation against ground truth B-point derived from synchronized electrocardiography (ECG) and impedance cardiography (ICG); (ii) development of a custom earbud prototype optimized for BP monitoring with high-precision arterial PTT measurement; and (iii) introduction of a B-point estimation algorithm leveraging multi-axis BCG fusion to enhance signal-to-noise ratio (SNR) and improve accuracy. Results show that BCG fusion reduces mean absolute error (MAE) in B-point estimation by 5.33% and 6.70% compared to using only the X- or Y-axis BCG signals, respectively. Furthermore, using the I-wave of the BCG signal as a proxy for the opening of the aortic valve reduces the MAE by 59.45% and 32.09% compared to using the H-wave and the J-wave, respectively. These findings establish a foundation for practical, wearable, and noninvasive continuous BP monitoring, with potential applications in real-world cardiovascular health management.",Cardio-Respiratory System,Blood Pressure,"Ear Canal, Ear Concha","Mechanical, Photo",Photoplethysmography (PPG),"Non-invasive, Long Time Wearability, High Accuracy"
162,On-Chip Mental Stress Detection: Integrating a Wearable Behind-The-Ear EEG Device With Embedded Tiny Neural Network,N. -D. Mai et al.,N. -D. Mai; W. -Y. Chung,2025,https://ieeexplore.ieee.org/document/10805752,"The study introduces an innovative approach to efficient mental stress detection by combining electroencephalography (EEG) analysis with on-chip neural networks, taking advantage of EEG's temporal resolution and the computational capabilities of embedded neural networks. The proposed system utilizes behind-the-ear (BTE) EEG signals and on-chip neural networks for mental stress detection. A wearable custom-designed device captures EEG signals from a single BTE channel, performs on-chip signal-to-spectrogram conversion, and integrates a compact convolutional neural network (CNN) for stress classification. The system systematically identifies key EEG frequency bands associated with stress and includes a user-friendly smartphone application for intuitive stress monitoring. EEG data were collected from 15 participants during stress-inducing tasks, such as Stroop and Mental Arithmetic tests. On-chip processing is essential for filtering EEG noise, converting signals into spectrogram images, and using these images as inputs for stress detection through the proposed on-chip CNN model. The experimental results demonstrate strong performance: leave-one-out cross-validation (LOOCV) achieves 91.72% accuracy, 93.74% specificity, 88.69% sensitivity, 90.43% precision, and an F1-score of 0.8955; while 10-fold cross-validation (CV) yields 95.32% accuracy, 95.89% specificity, 94.47% sensitivity, 93.95% precision, and an F1-score of 0.9421 on untrained datasets. The Beta band (13 Hz to 30 Hz) is identified as the most significant frequency band for detecting mental stress. This integration of BTE EEG analysis with on-chip CNNs represents a significant advancement in mental stress detection and has potential applications in medical assistance tools.","Nervous System, Mental State","Brain Activity, Stress",Behind the ear,Electrical,Electroencephalography (EEG),"Long Time Wearability, High Quality, Energy-efficient"
163,Wearable Ear-Centric Physiological Sensing With On-Edge Physics-Informed Neural Networks for Negative Mental State Detection,N. -D. Mai et al.,N. -D. Mai; Y. April Nando; W. -Y. Chung,2025,https://ieeexplore.ieee.org/document/11159221,"Monitoring mental states is essential for understanding physiological and neurological health, offering insights that enhance diagnostics and therapy. However, current systems are often bulky, immobile, and reliant on external devices for deep learning (DL), limiting real-time applications. This study introduces a compact, real-time mental state monitoring system with four innovations. First, a wearable ear-centric device captures multimodal biosignals-behind-the-ear (BTE) electroencephalography (EEG) and in-ear photoplethysmography (PPG)-enhancing portability. Second, a high-resolution superlet transform (HRST) converts these signals into spectrogram images to enrich input features for DL models. Third, the PhysAttenConvLSTM model, designed for edge deployment using tiny machine learning (TinyML), integrates convolutional neural networks (CNNs), long short-term memory (LSTM), self-attention, and a physics-informed merge layer (PIML) to classify affective states efficiently. All processes—from signal acquisition to classification—occur directly on the edge device, enabling low-latency, real-time operation without external computation. Fourth, the Internet of Medical Things (IoMT) framework is implemented for data storage, remote access, and system management. Multimodal data were collected from 25 participants during social media-based mental state induction tasks. The system achieved 92.07% accuracy in leave-one-out cross-validation (LOOCV) and 95.05% in ten-fold cross-validation (CV), with strong specificity, sensitivity, precision, and F1 scores. This research advances edge DL, multimodal biosignal fusion, and IoMT integration, offering an ultraportable, energy-efficient solution for real-time mental state monitoring, with potential in affective computing and personalized mental healthcare.",Mental State,Emotion,"Behind the ear, Ear Canal","Electrical, Photo","Electroencephalography (EEG), Photoplethysmography (PPG)","Long Time Wearability, Energy-efficient"
164,Towards Cardiac Output Estimation Using Earbud Photoplethysmography Sensor,L. Zhang et al.,L. Zhang; M. M. Rahman; M. Bin Morshed; L. Zhu; H. Zhou; J. O’Bryan; W. B. Mendes; J. Kuang,2025,https://ieeexplore.ieee.org/document/11254388,"Cardiac Output (CO) monitoring is vital for tracking cardiovascular health. In medical settings, cardiac output is monitored invasively, posing physical limitations and making it difficult to monitor CO continuously. In contrast, we leveraged an earbud PPG to non-invasively and continuously monitor CO. Among 11 selected subjects for model development, we observed an MAE of 1.53 L/min and an MAPE of 18.82%. By considering signal quality and PPG morphology, we can improve CO prediction. Our results present an opportunity to lower the barrier for noninvasive PPG-based CO monitoring.",Cardio-Respiratory System,Heart Rate,Ear Canal,Photo,Photoplethysmography (PPG),"Non-invasive, Long Time Wearability"
165,Pulse Wave Measurement With In-Ear Headphones While Music Playback,R. Kusche et al.,R. Kusche; D. Dichte; J. C. H. Gomez; T. Thölen,2025,https://ieeexplore.ieee.org/document/10778416,"The continuous acquisition of the arterial pulse wave can be used to determine the heart rate and to estimate the blood pressure. Existing wearables require special sensors and often only detect the pulse wave at the extremities from the peripheral blood vessels, far away from the heart and aorta. In addition, these wearables are sometimes expensive and uncomfortable. The objective of this work is therefore the development of a comfortable wearable measurement system that continuously acquires the pulse wave. The approach presented in this work is based on the minor deformation of the ear canal when the pulse wave arrives. By sealing the ear canal using commercial headphones, these deformations are converted into small changes in air pressure. These pressure changes are detected directly by the headphones and converted into an electrical signal. An electronic measuring system was developed to record pulse waves and play music simultaneously. This system can be connected between any conventional audio source and headphones. The measuring system digitizes the low-frequency signal components and transmits them to an analysis system, such as a smartphone or PC. On this system, the signals undergo a digital signal processing chain. A subject measurement was conducted to evaluate the measurement approach. The music being played and an electrocardiogram were also recorded used as reference signals. The measurement demonstrated that with the new system, the pulse waves in both ears can be recorded during music playback with simple headphones and correlate with the electrocardiogram.",Cardio-Respiratory System,"Heart Rate, Blood Pressure",Ear Canal,"Mechanical, Electrical",Pulse Wave,Long Time Wearability
166,"Real-Time, Single-Ear, Wearable ECG Reconstruction, R-Peak Detection, and HR/HRV Monitoring",C. Santos et al.,C. Santos; S. Frey; A. Cossettini; L. Benini; V. Kartsch,2025,https://ieeexplore.ieee.org/document/11253998,"Biosignal monitoring, in particular heart activity through heart rate (HR) and heart rate variability (HRV) tracking, is vital in enabling continuous, non-invasive tracking of physiological and cognitive states. Recent studies have explored compact, head-worn devices—such as earbuds—for HR and HRV monitoring to improve usability and reduce stigma. However, this approach is challenged by the current reliance on wet electrodes, which limits usability outside clinical settings, the weakness of ear-derived signals, making HR/HRV extraction more complex, and the incompatibility of current algorithms with embedded deployment. This work introduces a single-ear wearable system for real-time ECG (Electrocardiogram) parameter estimation, which directly runs on BioGAP, an energy-efficient device for biosignal acquisition and processing. By combining SoA in-ear electrode technology, an optimized DeepMF algorithm, and BioGAP, our proposed subject-independent approach allows for robust extraction of HR/HRV parameters directly on the device with just 36.7 uJ/inference at comparable performance with respect to the current state-of-the-art architecture, achieving 0.49 bpm and 25.82 ms for HR/HRV mean errors, respectively and an estimated battery life of 36h with a total system power consumption of 7.6 mW. Clinical relevance– The ability to reconstruct ECG signals and extract HR and HRV paves the way for continuous, unobtrusive cardiovascular monitoring with head-worn devices. In particular, the integration of cardiovascular measurements in everyday-use devices (such as earbuds) has potential in continuous at-home monitoring to enable early detection of cardiovascular irregularities.","Cardio-Respiratory System, Cardiovascular System","Heart Rate Variability, Heart Rate",Ear Canal,Electrical,Electrocardiogram (ECG),"Non-invasive, Energy-efficient"
167,Development of a New Around-the-Ear Electroencephalography Device for Passive Brain–Computer Interface Applications,M. Kim et al.,M. Kim; E. Oh; Y. Kim; S. Kim; D. Park; J. -H. Kim; S. Kim; H. Ahn; C. -H. Im,2025,https://ieeexplore.ieee.org/document/11123617/,"As interest in passive brain–computer interface (pBCI) technology for everyday applications increases, the development of practical wearable electroencephalography (EEG) recording devices has become increasingly essential. Among the various form factors to implement wearable EEG systems, ear-EEG is frequently employed owning to its usefulness in everyday scenarios. In this study, a new wearable around-the-ear EEG recording device for pBCI applications was developed. The performance of the developed device was validated through two pBCI experiments. During the ear-EEG device design, an alpha attenuation test was conducted to determine the optimal location of a pair of EEG electrodes. The two practical pBCI applications tested in this study were the prediction of users’ preferences for short video clips and drowsiness detection during online learning. The experimental results showed an accuracy of 85.71% in terms of preference prediction and a success rate of 80% in terms of drowsiness detection, effectively demonstrating the practicality of the newly developed around-the-ear EEG device for daily life scenarios.",Nervous System,Drowsiness,"Ear Canal, Around the ear",Electrical,Electroencephalography (EEG),Long Time Wearability
168,MindfulBuddy: Extracting Comprehensive Breathing Biomarkers for Breathing Exercise Biofeedback Using Earbud Motion Sensors,M. M. Rahman et al.,M. M. Rahman; M. B. Morshed; N. Rashid; S. Chandrashekhara; J. Kuang,2025,https://ieeexplore.ieee.org/document/10907903/,"Slow-paced deep breathing exercises have many health benefits, including stress management, lowering blood pressure, pain management, and controlling pulmonary conditions. While biofeedback can significantly improve the efficacy of breathing exercises, existing approaches support limited biomarkers, such as breathing rate, for specific breathing exercises (e.g., equal-phase breathing) in particular conditions without considering the breath-holding phase or variation in device orientation. Therefore, there needs to be a more convenient and robust approach that can generate and deliver comprehensive digital breathing biomarkers to facilitate biofeedback for various types of breathing exercises. In this article, we present a system with lightweight algorithms to passively track mindful breathing in real-time using lower-power earbud motion sensors to extract fine-grained comprehensive breathing biomarkers for generating biofeedback on users’ breathing exercises. We utilize the earbud’s motion sensor data to detect nonbreathing head motion and develop an extensive set of breathing markers, including breathing phases, breathing depth, breathing rate, breathing symmetry, and breath-holding. Such a comprehensive set of biomarkers can enable engaging user experience and effective mindful breathing exercises toward better stress management and overall mental well-being. Moreover, we develop a physiologically informed, novel earbud orientation handling algorithm that makes our biomarkers more resilient to ear canal shape and size. Finally, we showcase potential use-cases based on the breathing biomarkers derived from our algorithms to provide biofeedback on user’s overall breathing performance.",Cardio-Respiratory System,Respiration Marker,Ear Canal,Mechanical,Breathing motion,"Energy-efficient, Non-invasive, High Accuracy"